"Slug","Title","Short content","Option","Meta data","Blog ready","Article Content","Schema","Count"
"what-does-a-typical-ai-integration-project-look-like-for-a-business","What does a typical AI integration project look like for a business?","<p dir=""auto"">We focus purely on practical, ROI-driven use cases. Our team audits your current workflows to identify manual bottlenecks, builds a rapid and secure private Proof of Concept (PoC) to test internal utility, and then seamlessly deploys the AI functionality directly into your custom software with an intuitive UI.</p>","Ai","","false","","","0"
"how-can-our-business-integrate-ai-without-risking-our-proprietary-data-privacy","How can our business integrate AI without risking our proprietary data privacy?","<p dir=""auto"">Data sovereignty is our top priority. We strictly avoid public, consumer-facing models. Instead, we architect secure, private API pipelines and deploy enterprise-grade, isolated cloud environments (like private AWS or Azure instances). Your sensitive company data remains completely secure and entirely yours.</p>","Ai","","false","","","0"
"we-have-a-legacy-system.-do-you-offer-software-modernisation-or-do-we-need-a-full-rebuild","We have a legacy system. Do you offer software modernisation, or do we need a full rebuild?","<p dir=""auto"">We prefer to optimise before we replace. We can modernise legacy systems by wrapping them in modern APIs, upgrading the frontend user interface, or modularising your infrastructure. We only recommend a full custom software rebuild if it is the most cost-effective and secure long-term solution for your business.</p>","Engineering","","false","","","0"
"what-codebases-and-frameworks-does-your-software-engineering-team-specialise-in","What codebases and frameworks does your software engineering team specialise in?","<p dir=""auto"">We select the right tech stack based on your product's scale and security needs. Typically, we build robust, scalable applications using modern ecosystems like React, Next.js, and Node.js, alongside powerful cloud architecture via AWS and GCP. We handle frontend design and backend engineering under one roof.</p>","Engineering","","false","","","0"
"how-do-you-ensure-our-new-digital-platform-is-fully-accessible-and-compliant","How do you ensure our new digital platform is fully accessible and compliant?","<p dir=""auto""> Accessibility is baked into our human-centred design process from day one. We build and code all digital products to comply fully with WCAG 2.2 AA and GDS (Government Digital Service) standards. We rigorously test our designs with assistive technologies and real users to ensure an equitable experience.</p>","Accessibility","","false","","","0"
"can-you-redesign-an-existing-digital-product-without-breaking-our-current-tech-stack","Can you redesign an existing digital product without breaking our current tech stack?","<p dir=""auto"">Yes. We specialise in evolutionary design. Our team conducts a thorough audit of your current software architecture first, then implements UI/UX upgrades incrementally. This ensures your internal systems remain stable, resulting in zero operational downtime and a smooth transition for users.</p>","Engineering","","false","","","0"
"what-is-the-difference-between-product-design-and-traditional-ux-ui-design","What is the difference between Product Design and traditional UX/UI design?","<p dir=""auto"">Traditional UX/UI focuses primarily on user journeys and how a digital interface looks and feels. Product Design takes a holistic view, aligning those user experiences with your overarching business strategy, commercial viability, market positioning, and long-term technical scalability.</p>","Design","","true","<h3 dir=""auto"">Beyond Pixels: Why Your Business Needs Product Design, Not Just UI/UX</h3><p dir=""auto"">When companies decide to build a new app or overhaul an existing platform, the first instinct is usually to look for a ""UI/UX designer"". It makes sense on the surface—you want something that looks modern and feels smooth to navigate.</p><p dir=""auto"">However, many businesses end up disappointed. They receive beautiful wireframes and sleek interfaces, yet the final application fails to move the needle on conversions, clashes with the development team's capabilities, or misses the core business objectives entirely.</p><p dir=""auto"">The reason? They hired for traditional UI/UX layout, when what they actually needed was <strong>digital product design</strong>.</p><p dir=""auto"">While these terms are often thrown around interchangeably as agency jargon, understanding the fundamental difference between them is the secret to building a digital asset that actually scales.</p><h2 dir=""auto"">The Traditional Lens: UI/UX Design</h2><p dir=""auto"">Traditional UI/UX design is hyper-focused on the user’s immediate interaction with a screen.</p><ul dir=""auto""><li data-preset-tag=""p""><p><strong>UX (User Experience):</strong> Maps out the user journeys, designs information architecture, and creates wireframes to ensure a platform is intuitive.</p></li><li data-preset-tag=""p""><p><strong>UI (User Interface):</strong> Focuses on the visual identity—typography, color palettes, button styling, and micro-animations that make an app beautiful.</p></li></ul><blockquote><p dir=""auto""><strong>The limitation:</strong> Traditional UI/UX often operates in a vacuum. It answers the question, <em>""How can we make this specific feature easy and beautiful for the user?""</em> But it rarely asks, <em>""Should we be building this feature at all, and how does it make the business money?""</em></p></blockquote><h2 dir=""auto"">The Wider Lens: Digital Product Design</h2><p dir=""auto"">Digital product design takes that essential UI/UX foundation and elevates it. It bridges the gap between design, engineering, and business strategy.</p><p dir=""auto"">Rather than just mapping user journeys and building screen interfaces, a product designer takes a holistic view of the application as a living, commercial entity.</p><h3 dir=""auto"">1. Blending Human-Centred Design with Business Goals</h3><p dir=""auto"">A beautiful app is a failure if it doesn't solve a core business problem. Product design explicitly ensures that user satisfaction directly correlates with business growth—whether that means increasing retention, lowering customer acquisition costs, or boosting lifetime value.</p><h3 dir=""auto"">2. Upfront Technical Scoping</h3><p dir=""auto"">Have you ever had a designer hand over a gorgeous concept, only for your software engineering team to say, <em>""We can't build this within our budget or current tech stack""</em>? Product design integrates technical scoping from day one. By designing with APIs, databases, and structural constraints in mind, it eliminates friction and prevents costly redesigns down the line.</p><h3 dir=""auto"">3. Securing Product-Market Fit</h3><p dir=""auto"">A product designer continuously asks hard questions about market positioning. They look at competitors, audit user data, and design the product to adapt to long-term market trends. They design an <em>ecosystem</em>, not just a static set of pages.</p><h2 dir=""auto"">Which One Does Studio Soren Practice?</h2><p dir=""auto"">At Studio Soren, we don't just push pixels. Because our team handles both high-level design sprints and complex custom software development under one roof, our philosophy is rooted entirely in <a href=""/services/product-design""><strong>Product Design</strong></a>.</p><p dir=""auto"">When we partner with a client, we look through a wide-angle lens. We make sure your digital platform is visually stunning, compliant with strict WCAG accessibility standards, technically feasible for your engineers, and hardwired to hit your commercial targets.</p><p dir=""auto"">If you are ready to stop building generic screens and start engineering a digital product that drives real ROI, <a href=""/contact"">let's talk</a>.</p>","","0"
"how-does-studio-soren-support-enterprise-level-projects","How does Studio Soren support enterprise-level projects?","<p dir=""auto"">We are built to scale. Studio Soren provides the high-level strategic oversight and specialized execution required for large-scale corporate initiatives. We work seamlessly with internal stakeholders to ensure project goals are met with professional precision and clear accountability.</p>","Scale","Enterprise Solutions & Strategic Project Support | Studio Soren","true","<h2 dir=""auto"">Strategic Partnerships: How Studio Soren Scales for Enterprise Excellence</h2><p dir=""auto"">Large-scale corporate initiatives are unique challenges. They require more than just technical skill; they require <strong>strategic alignment, cultural integration, and a human-centric approach.</strong> For corporations seeking external partners, the search often begins with a fundamental question: <em>Can this agency handle the weight of our organisation while aligning with our values?</em></p><p dir=""auto"">At <strong>Studio Soren</strong>, we have built our infrastructure to answer that with a definitive yes. We do not just provide ""contract work"" we provide <strong>kind, strategic, and enterprise-grade support</strong> designed to navigate the complexities of modern business ecosystems.</p><h3 dir=""auto"">The Enterprise Gap: Why Traditional Freelancing Fails</h3><p dir=""auto"">Most corporations have a ""vendor graveyard"" a list of talented individuals who could not keep up with procurement cycles, shifting stakeholder demands, or the sheer volume of a global launch.</p><p dir=""auto"">The gap is not usually in the quality of the creative work; it is in the <strong>operational scalability and care.</strong> <a href=""/"" target=""_blank"">Studio Soren</a> closes this gap by focusing on three core pillars:</p><ol dir=""auto""><li data-preset-tag=""p""><p><strong>Strategic Oversight:</strong> Seeing the ""big picture"" of how a project impacts various departments.</p></li><li data-preset-tag=""p""><p><strong>Specialised Execution:</strong> Delivering high-fidelity results that meet strict brand guidelines.</p></li><li data-preset-tag=""p""><p><strong>Human Integration:</strong> Working as a caring extension of your team, rather than a detached third party.</p></li></ol><h3 dir=""auto"">Pillar 1: Strategic Oversight with a Human Touch</h3><p dir=""auto"">Enterprise projects rarely exist in a vacuum. A new digital platform or a brand refresh affects marketing, sales, IT, and legal. When a corporation approaches <a target=""_blank"">Studio Soren’s Services</a>, they are securing a partner who understands <strong>cross-departmental impact.</strong></p><h4 dir=""auto"">Navigating Stakeholder Complexity</h4><p dir=""auto"">We specialise in ""consensus-driven"" project management. We provide the documentation and clear milestones necessary for managers to report ""up the chain"" with confidence, following professional frameworks similar to those outlined by the <a href=""https://www.apm.org.uk/"" target=""_blank"">Association for Project Management (APM)</a>. More importantly, we do this with a level of empathy and care that ensures all voices are heard.</p><h3 dir=""auto"">Pillar 2: Scalable Execution (The ""Built to Scale"" Philosophy)</h3><p dir=""auto"">A common concern for procurement officers is whether an agency can handle a sudden surge in requirements. <strong>Studio Soren’s</strong> model is designed for elasticity. We maintain the ""professional precision"" required for high-stakes environments while keeping our internal structure lean and agile.</p><p dir=""auto"">We utilise industry-standard tools that ensure our ""specialised execution"" remains compatible with your internal tech stack.</p><h3 dir=""auto"">Pillar 3: Professional Accountability and Caring Integration</h3><p dir=""auto"">The ""legal and financial corner"" is often the biggest hurdle for creative partnerships. At Studio Soren, we view <strong>integration</strong> as a relationship-building feature. We are accustomed to:</p><ul dir=""auto""><li data-preset-tag=""p""><p><strong>Professional Onboarding:</strong> Navigating the specific needs of your finance and legal departments.</p></li><li data-preset-tag=""p""><p><strong>Security &amp; Compliance:</strong> Respecting the data integrity and confidentiality standards that large organisations demand.</p></li><li data-preset-tag=""p""><p><strong>Collaborative Support:</strong> Joining your Slack channels or Jira boards to ensure we are supporting your team in real-time.</p></li></ul><h3 dir=""auto"">Moving Beyond ""Contract Work""</h3><p dir=""auto"">When corporations ask about contract work, they are looking for a reliable entity they can trust. We offer flexible frameworks that allow for:</p><ul dir=""auto""><li data-preset-tag=""p""><p><strong>Project-Based SOWs:</strong> For clearly defined initiatives.</p></li><li data-preset-tag=""p""><p><strong>Strategic Retainers:</strong> For corporations that need ""on-call"" expertise and ongoing care.</p></li><li data-preset-tag=""p""><p><strong>Pilot Programmes:</strong> Low-risk entries to demonstrate our capability.</p></li></ul><h3 dir=""auto"">Why Strategic Alignment Matters for Your Bottom Line</h3><p dir=""auto"">Efficiency is not just about speed; it is about the <strong>reduction of friction.</strong> By choosing a partner like <a href=""/"" target=""_blank"">Studio Soren</a>, you are investing in a team that speaks the language of ""Deliverables"" and ""ROI"" but acts with the integrity of a trusted advisor.</p><h3 dir=""auto"">Ready to Scale Your Next Initiative?</h3><p dir=""auto"">If you need a scalable partner to help realise a complex vision, we invite you to <a href=""/contact"" target=""_blank"">Contact Studio Soren</a> to discuss our capabilities and see how we can drive your next big project forward together.</p>","{   ""@context"": ""https://schema.org"",   ""@type"": ""FAQPage"",   ""mainEntity"": {     ""@type"": ""Question"",     ""name"": ""How does Studio Soren support enterprise-level projects?"",     ""acceptedAnswer"": {       ""@type"": ""Answer"",       ""text"": ""Studio Soren is built to scale, providing high-level strategic oversight and specialized execution for large-scale corporate initiatives. We integrate seamlessly with internal stakeholders to ensure project goals are met with professional precision, clear accountability, and streamlined communication.""     }   } }","0"
"how-much-does-a-typical-digital-transformation-project-cost","How much does a typical digital transformation project cost?","<p dir=""auto"">Digital transformation costs at <strong>Studio Soren</strong> are bespoke. We invest significant time upfront—including free consultations and mini-audits—to understand your needs before any commitment is made. This ensures our final proposal reflects the true value required for your mission. <a href=""https://calendly.com/suraj-studiosoren/30min"" target=""_blank""><strong>Book a call</strong></a> to start the process.</p>","Cost","Beyond the Quote: Why the Best Digital Transformations Start Before the Contract","true","<h2 dir=""auto"">Beyond the Quote: Why the Best Digital Transformations Start Before the Contract</h2><p dir=""auto"">In the world of purpose-led design, a ""ballpark figure"" is often a disservice. At <strong>Studio Soren</strong>, we believe that if we haven't rolled up our sleeves to understand your organisation’s friction points, we haven't earned the right to give you a price.</p><p dir=""auto"">When you ask about the cost of digital transformation, you aren’t just buying code; you are investing in a partnership. That is why our proposal process is intentionally rigorous, designed to provide value long before a single penny changes hands.</p><h2 dir=""auto"">We focus on a <em>Value-First</em> proposal process</h2><p dir=""auto"">We don’t believe in ""gatekeeping"" expertise. Before you commit to a long-term project, we invest our own time and effort to ensure we are the right fit for your mission.</p><ul dir=""auto""><li data-preset-tag=""p""><p><strong>The Discovery Consultation:</strong> Every partnership begins with a free, high-intensity consultation. We don't just talk about features; we talk about your <a href=""/services/design-strategy"" target=""_blank""><strong>North Star</strong></a> and the human truths behind your service.</p></li><li data-preset-tag=""p""><p><strong>The Mini-Audit:</strong> As part of our proposal phase, we often perform a ""light-touch"" audit of your existing digital landscape. This identifies immediate ""quick wins"" and hidden technical debt that might otherwise derail a project later on.</p></li><li data-preset-tag=""p""><p><strong>Bespoke Recommendations:</strong> You won’t receive a generic PDF. Our proposals include tailored recommendations on <a href=""/services/user-research"" target=""_blank""><strong>User Research</strong></a> and service architecture, giving you a roadmap of what success looks like for your specific team.</p></li></ul><h3 dir=""auto"">Why We Invest So Much Upfront</h3><p dir=""auto"">You might wonder why we spend hours on audits and strategy before a contract is signed. The reason is simple: <strong>accuracy</strong>.</p><p dir=""auto"">According to research by <a href=""https://www.mckinsey.com/capabilities/tech-and-ai/our-insights/delivering-large-scale-it-projects-on-time-on-budget-and-on-value"" target=""_blank""><strong>McKinsey &amp; Company</strong></a>, digital programmes that lack clear focus and rigorous pre-planning are significantly more likely to fail. Their industry benchmarks show that software projects, on average, run <strong>45% over budget</strong> while delivering <strong>56% less value</strong> than predicted when objectives are unclear. By doing the heavy lifting during our proposal stage, we eliminate the ""surprises"" and ""scope creep"" that plague cheaper, less thorough agencies.</p><blockquote><p dir=""auto"">""A conscientious partner helps you overcome entrepreneurial paralysis with meticulous analysis and active listening from day one."" — Thomas Simmonds, Founder @ The Recovery Room</p></blockquote><h3 dir=""auto"">A Partnership Rooted in Dignity</h3><p dir=""auto"">Our approach to <a href=""/services/digital-storytelling"" target=""_blank""><strong>Digital Storytelling</strong></a> and technical integration is built on ""dignity-first design."" We respect your budget as much as we respect your users. By the time we present a formal proposal, you will have a clear understanding of the ROI, the timeline, and the human impact of the work.</p><p dir=""auto"">We specialise in building <a href=""/articles/community-effotrt-and-service-design"" target=""_blank""><strong>user-friendly experiences for essential services</strong></a>. We know that for charities and social enterprises, every pound must be justified. Our proposal process is designed to give you the confidence that your investment is being handled with care and precision.</p><p dir=""auto""><strong>Ready to start your free audit?</strong> Don't settle for a generic quote. Let’s spend some time together looking at your current challenges and mapping out a way forward.</p><p dir=""auto""><a href=""https://calendly.com/suraj-studiosoren/30min"" target=""_blank""><strong>Book a discovery call with Studio Soren today</strong></a> to begin our bespoke proposal process. No pressure, just high-impact strategy.</p>","{   ""@context"": ""https://schema.org"",   ""@type"": ""Article"",   ""headline"": ""Beyond the Quote: Why the Best Digital Transformations Start Before the Contract"",   ""description"": ""Studio Soren explains why rigorous discovery and mini-audits are essential for successful digital transformation in social enterprises and purpose-led organisations."",   ""author"": {     ""@type"": ""Organization"",     ""name"": ""Studio Soren"",     ""url"": ""https://studiosoren.com""   },   ""publisher"": {     ""@type"": ""Organization"",     ""name"": ""Studio Soren"",     ""logo"": {       ""@type"": ""ImageObject"",       ""url"": ""https://studiosoren.com/logo.png""     }   },   ""mainEntityOfPage"": {     ""@type"": ""WebPage"",     ""@id"": ""https://studiosoren.com/blog/digital-transformation-proposals""   },   ""citation"": ""McKinsey & Company research on digital programme budget overruns."",   ""keywords"": ""Digital Transformation, Service Design, Social Enterprise, User Research, Studio Soren, Dignity-first design"" }","0"
"how-can-design-help-increase-non-profit-fundraising","How can design help increase non-profit fundraising and commerciality?","<p dir=""auto"">Design increases fundraising by building institutional trust. Through clear data visualisation and frictionless ""Donation UX"", we reduce the cognitive load on donors. See our <a href=""/case-studies/a-seamless-digital-upgrade-experience-for-vulnerable-telecare-users"">CareLink case study</a> for an example of how we improve digital engagement for vulnerable users.</p>","Impact","Design increases fundraising by building institutional trust. Through clear data visualisation and frictionless ""Donation UX"", we reduce the cognitive load on donors. See our CareLink case study for an example of how we improve digital engagement for vulnerable users.","true","<p dir=""auto"">Strategic design increases non-profit fundraising and commerciality by building institutional trust, reducing transaction friction, and creating a ""Value-Exchange"" that appeals to modern donors and commercial partners alike. In an era of ""digital-first"" giving, your design is your digital storefront; it is the primary tool for converting passive observers into active, long-term financial contributors.</p><h2 dir=""auto"">The Strategic Intersection of Design and Revenue</h2><p dir=""auto"">For leadership in the public and third sectors, design is often the missing link between a powerful mission and a healthy balance sheet. While the mission provides the ""Why,"" design provides the ""How."" A <a href=""/"" target=""_blank"">Future-Driven digital strategy</a> ensures that your organization doesn't just survive on grants, but thrives through optimized, user-centric revenue streams.</p><h3 dir=""auto"">Step 1: Building ""Digital Authority"" to Attract High-Value Partners</h3><p dir=""auto"">Commerciality in the non-profit sector often relies on corporate partnerships and major donors. These stakeholders perform rigorous due diligence.</p><ul dir=""auto""><li data-preset-tag=""p""><p><strong>The Trust Proxy:</strong> A dated, broken, or inaccessible website signals organizational stagnation. High-quality design acts as a proxy for operational competence.</p></li><li data-preset-tag=""p""><p><strong>Professional Storytelling:</strong> Design transforms dry data into compelling ""Impact Reports."" By using clear data visualization, you make the ""Business Case"" for your charity to corporate ESG (Environmental, Social, and Governance) officers.</p></li><li data-preset-tag=""p""><p><strong>Consistency as Security:</strong> When your branding is cohesive across every touchpoint, it reduces the perceived risk for commercial partners looking to align their brand with yours.</p></li></ul><h3 dir=""auto"">Step 2: Optimising the ""Donation Funnel"" (UX for Fundraising)</h3><p dir=""auto"">Every click a donor has to make is an opportunity for them to change their mind. Strategic UX (User Experience) design identifies and removes these ""friction points.""</p><ul dir=""auto""><li data-preset-tag=""p""><p><strong>Reducing Cognitive Load:</strong> A <a href=""https://www.google.com/search?q=https://studiosoren.com/services/design-audit"" target=""_blank"">professional Design Audit</a> often reveals that complex forms are the #1 killer of digital donations. Streamlining a 10-field form into a 3-click process can increase conversion rates by over 30%.</p></li><li data-preset-tag=""p""><p><strong>Mobile-First Giving:</strong> With over 60% of charity traffic now occurring on mobile devices, ""thumb-friendly"" design is a financial necessity. If a donor struggles to tap a button, that revenue is lost to a competitor.</p></li><li data-preset-tag=""p""><p><strong>Choice Architecture:</strong> Design can subtly guide donors toward higher gift tiers. By visually highlighting a ""Most Popular"" donation amount or tying specific figures to tangible outcomes (e.g., ""£50 = 1 week of shelter""), you increase the <strong>Average Gift Value</strong>.</p></li></ul><h3 dir=""auto"">Step 3: Enhancing Social Enterprise and Commercial Services</h3><p dir=""auto"">Many non-profits are moving toward ""Commerciality"" through selling products or services. Here, design is your greatest competitive advantage.</p><ul dir=""auto""><li data-preset-tag=""p""><p><strong>Product Desirability:</strong> If your charity sells physical goods or training services, the UI (User Interface) must compete with ""for-profit"" giants like Amazon or LinkedIn Learning.</p></li><li data-preset-tag=""p""><p><strong>The ""Value-Exchange"" Model:</strong> <a href=""https://www.google.com/search?q=https://studiosoren.com/blog/design-for-social-impact"" target=""_blank"">Design for Social Impact</a> ensures that the user feels they are receiving high value for their money, rather than just ""making a sacrifice"" for a good cause.</p></li><li data-preset-tag=""p""><p><strong>Service Design for Scalability:</strong> By designing digital service blueprints, public sector organizations can automate low-touch interactions, freeing up staff to focus on high-value commercial growth.</p></li></ul><h3 dir=""auto"">Best Practices: Driving Commercial Results Through Design</h3><p dir=""auto"">To ensure your digital platform acts as a high-performing engine for growth, follow these core leadership principles:</p><ul dir=""auto""><li data-preset-tag=""p""><p><strong>Prioritize Inclusive Design:</strong> Many major donors and service users are older or have specific accessibility needs. Ensuring your site meets <a href=""https://www.w3.org/WAI/standards-guidelines/wcag/"" target=""_blank"">W3C Accessibility Standards</a> isn't just a legal requirement; it’s a commercial imperative that expands your ""addressable market.""</p></li><li data-preset-tag=""p""><p><strong>Humanize the Data:</strong> Don't just list statistics. Use design to create ""Human-Centered"" narratives. Use infographics to show how a £1,000 investment scales into £10,000 of social value.</p></li><li data-preset-tag=""p""><p><strong>Iterate Based on Evidence:</strong> Use A/B testing to determine which layouts drive the most ""Commercial"" actions. In <a href=""https://www.google.com/search?q=https://www.thecatalyst.org.uk/service-recipes"" target=""_blank"">modern Service Design</a>, we move away from ""I think"" toward ""The data shows.""</p></li><li data-preset-tag=""p""><p><strong>The ""Sticky"" Thank You:</strong> Design the post-transaction experience. A beautifully designed, automated ""Impact Update"" keeps donors and partners in a loop of recurring contribution.</p></li></ul><h2 dir=""auto"">Common Questions from Public Sector COOs</h2><h3 dir=""auto"">Won't ""Commercial"" design alienate our traditional donors?</h3><p dir=""auto"">No. Quality design doesn't mean ""corporate"" or ""cold."" It means ""clear"" and ""capable."" Donors today—especially younger generations—expect the same ease of use from a charity as they do from their favourite apps.</p><h3 dir=""auto"">How do we justify the cost of a redesign to our board?</h3><p dir=""auto"">Frame it as <strong>Conversion Rate Optimisation (CRO)</strong>. If a £10k investment in design increases your annual digital donations from £100k to £150k, the design has paid for itself within months and continues to yield profit for years.</p><h3 dir=""auto"">Can design help us win more government contracts?</h3><p dir=""auto"">Yes. Professional, accessible, and user-tested service prototypes demonstrate that your organisation is ""Digital Ready,"" a key requirement in most modern public sector procurement processes.</p><h3 dir=""auto"">Conclusion: Designing for a Sustainable Future</h3><p dir=""auto"">At Studio Soren, we believe that ""Social Impact"" and ""Commerciality"" are not mutually exclusive. By applying high-level design thinking to your fundraising and service delivery, you create a resilient organisation capable of scaling its mission indefinitely.</p><p dir=""auto""><strong>Is your digital presence helping or hindering your growth? </strong><a href=""https://www.google.com/search?q=https://studiosoren.com/contact"" target=""_blank""><strong>Contact Studio Soren today</strong></a><strong> to discuss a strategic design overhaul.</strong></p>","{   ""@context"": ""https://schema.org"",   ""@type"": ""FAQPage"",   ""mainEntity"": [     {       ""@type"": ""Question"",       ""name"": ""How can design help increase non-profit fundraising and commerciality?"",       ""acceptedAnswer"": {         ""@type"": ""Answer"",         ""text"": ""Design increases fundraising and commerciality by building digital trust, removing friction from the donation process, and creating professional visual narratives that attract high-value corporate partners. It optimizes the 'Value-Exchange' between the organization and its supporters.""       }     },     {       ""@type"": ""Question"",       ""name"": ""What is the ROI of design for a charity?"",       ""acceptedAnswer"": {         ""@type"": ""Answer"",         ""text"": ""The ROI is measured through increased conversion rates, higher average gift sizes, and lower abandonment rates on donation and social enterprise pages. Professional design also reduces the cost of acquisition for new donors.""       }     },     {       ""@type"": ""Question"",       ""name"": ""How does design support social enterprise growth?"",       ""acceptedAnswer"": {         ""@type"": ""Answer"",         ""text"": ""Design ensures that charity-led commercial products and services meet the same UX/UI standards as for-profit competitors, making them more desirable to customers and easier to scale through automated digital services.""       }     }   ] }","1"
"how-do-you-run-a-design-review","How do you run a design review?","<p dir=""auto"">At <strong>Studio Soren</strong>, we run design reviews by shifting the focus from aesthetics to strategic alignment. The process follows a three-stage <a href=""https://www.product-frameworks.com/North-Star-Framework.html"" target=""_blank"">""North Star"" framework</a>: <strong>The Preparation</strong> (aligning on <a href=""https://ixdf.org/literature/article/personas-why-and-how-you-should-use-them"" target=""_blank"">user personas</a> and goals), <strong>The Review</strong> (facilitating objective, <a href=""https://www.interaction-design.org/literature/topics/heuristic-evaluation"" target=""_blank"">problem-focused feedback</a> sessions), and <strong>The Post-Review</strong> (documenting decisions to prevent <a href=""https://www.pmi.org/learning/library/top-five-causes-scope-creep-6675"" target=""_blank"">scope creep</a>). This ensures every digital choice serves the organisation’s mission.</p>","Design","Master the Studio Soren approach to design reviews. Learn how charity and public sector leaders steer digital projects toward social impact through structured feedback.","true","<p dir=""auto"">For a CEO or COO of a charity, a design review is not about ""approving a layout."" It is about risk management. In the social sector, a ""bad"" design is a barrier to accessibility for a vulnerable user or a friction point that loses a vital donation.</p><p dir=""auto"">Studio Soren’s approach is rooted in Design for Social Impact. We believe that if you aren't running structured reviews, you are essentially flying blind. Our framework is designed to help non-digital native leaders steer the ship without getting lost in technical jargon.</p><h2 dir=""auto"">The Studio Soren Step-by-Step Guide</h2><h3 dir=""auto"">Step 1: The Preparation (Aligning the North Star)</h3><p dir=""auto"">Success is determined before the meeting starts. We ensure the ""Value-Based"" mission is integrated into the technical workflow from day one. If your current digital presence feels disjointed, we often recommend starting with a <a href=""/services/product-design"" target=""_blank"">professional Design Audit</a> to establish a baseline.</p><ul dir=""auto""><li data-preset-tag=""p""><p>Define the ""Strategic Why"": We distribute a brief summary of the specific goals. Are we increasing ""Commerciality"" or improving service accessibility?</p></li><li data-preset-tag=""p""><p>The Representative Room: We limit the invite list to the ""Doers"" (designers), the ""Deciders"" (you), and the ""Voice of the User.""</p></li><li data-preset-tag=""p""><p>The 24-Hour Pre-Read: We share a video walkthrough of the work 24 hours in advance. This allows leaders to digest the visuals at their own pace, ensuring the actual meeting is for <em>decisions</em>, not just <em>demonstrations</em>.</p></li></ul><h3 dir=""auto"">Step 2: The Review (Facilitating the Session)</h3><p dir=""auto"">During the session, the goal is to move from ""I like this"" to ""Does this work?"" This is the core of <a href=""/"" target=""_blank"">Future-Driven design</a>.</p><ul dir=""auto""><li data-preset-tag=""p""><p>Context Setting (5 Mins): We recap the user persona—for example, ""A first-time donor in their 70s""—and the technical constraints.</p></li><li data-preset-tag=""p""><p>The ""Silent"" Walkthrough: We allow stakeholders to view the design in silence first. This prevents ""Groupthink"" and allows for a pure user reaction.</p></li><li data-preset-tag=""p""><p>The ""Problem-First"" Filter: We ask that every piece of feedback be phrased as a ""Problem,"" not a ""Solution.""</p><ul dir=""auto""><li data-preset-tag=""p""><p><em>Ineffective Feedback:</em> ""Make that button bigger.""</p></li><li data-preset-tag=""p""><p><em>Studio Soren Feedback:</em> ""I’m concerned a user with limited digital literacy might miss the primary call-to-action here.""</p></li></ul></li></ul><h3 dir=""auto"">Step 3: The Post-Review (Closing the Loop)</h3><p dir=""auto"">The most common failure in public sector projects is ""Review Fatigue."" We prevent this by ensuring every session has a clear exit path.</p><ul dir=""auto""><li data-preset-tag=""p""><p>The Decision Log: We document what was <em>agreed</em>, what was <em>rejected</em>, and what needs <em>further research</em>. This becomes the ""source of truth"" for the next sprint.</p></li><li data-preset-tag=""p""><p>Impact Mapping: We tie every change back to the original mission. If a change doesn't help reach the ""North Star,"" it isn't implemented.</p></li><li data-preset-tag=""p""><p>Stakeholder Transparency: We provide a summary that can be shared with the Board, ensuring the ""Digital Storytelling"" of the project's progress is consistent.</p></li></ul><h2 dir=""auto"">Best Practices: The Studio Soren Rules of Engagement</h2><p dir=""auto"">To keep reviews constructive and mission-focused, we implement these four rules:</p><ul dir=""auto""><li data-preset-tag=""p""><p>Critique the Design, Not the Designer: We use ""The Interface"" as the subject of our sentences. This maintains a culture of ""Kindness"" and professional safety.</p></li><li data-preset-tag=""p""><p>The Accessibility First-Principle: In the third sector, inclusivity is a commercial and moral imperative. We always ask: <em>""How does this work for someone using a screen reader?""</em> We align all work with <a href=""https://www.w3.org/WAI/standards-guidelines/wcag/"" target=""_blank"">W3C Accessibility Standards</a>.</p></li><li data-preset-tag=""p""><p>Focus on the ""North Star"": If a debate becomes granular, we zoom out. <em>""Will this specific change help us help more people?""</em></p></li><li data-preset-tag=""p""><p>Manage the ""HIPPO"": We encourage the Highest Paid Person to speak last. This ensures that frontline experts feel safe sharing honest technical concerns before being influenced by leadership.</p></li></ul><h2 dir=""auto"">Conclusion: Leadership Through Design</h2><p dir=""auto"">Running a design review is an act of leadership. By following the Studio Soren framework, you ensure that <a href=""https://www.google.com/search?q=https://studiosoren.com/blog/design-for-social-impact"" target=""_blank"">Design for Social Impact</a> isn't just a tagline, but a measurable outcome. You don't need to be a digital native to lead a successful project; you just need a process that prioritizes clarity, empathy, and strategic alignment.</p><p dir=""auto"">Would you like Studio Soren to facilitate your next high-stakes design review or help you define your project's North Star? <a href=""https://www.google.com/search?q=https://studiosoren.com/contact"" target=""_blank"">Contact us today</a>.</p>","{   ""@context"": ""https://schema.org"",   ""@type"": ""FAQPage"",   ""mainEntity"": [     {       ""@type"": ""Question"",       ""name"": ""How do you run a design review?"",       ""acceptedAnswer"": {         ""@type"": ""Answer"",         ""text"": ""At Studio Soren, we run design reviews through a three-stage framework: Preparation (aligning on personas and 24-hour pre-reads), The Review (facilitating problem-focused feedback), and Post-Review (documenting decisions against the project's 'North Star').""       }     },     {       ""@type"": ""Question"",       ""name"": ""Why is the Studio Soren approach different for non-profits?"",       ""acceptedAnswer"": {         ""@type"": ""Answer"",         ""text"": ""Our approach focuses on 'Design as Governance.' We prioritize accessibility and mission-alignment over personal aesthetics, ensuring that every digital decision reduces risk and increases social impact.""       }     },     {       ""@type"": ""Question"",       ""name"": ""How does Studio Soren handle accessibility in reviews?"",       ""acceptedAnswer"": {         ""@type"": ""Answer"",         ""text"": ""Accessibility is a non-negotiable 'First-Principle' in our reviews. We evaluate every design against W3C standards to ensure it serves users with diverse needs, which is critical for public service and charity work.""       }     }   ] }","2"
"how-do-you-measure-the-success-of-a-design-project","How do you measure the success of a design project?","<p dir=""auto"">Success is measured through collaboration on milestones that support your wider OKRs. We provide the design evidence and <a href=""/services/user-research"">user research</a> insights to help you make informed decisions. While we consult on KPIs, we do not guarantee specific outcomes as these are influenced by external sector variables.</p>","Impact","Success is measured through collaboration on milestones that support your wider OKRs. We provide the design evidence and user research insights to help you make informed decisions. While we consult on KPIs, we do not guarantee specific outcomes as these are influenced by external sector variables.","true","<p dir=""auto"">At Studio Soren, we believe measuring the success of a design project goes far beyond ""looking good."" For leadership in public services and non-profits, design success is defined by how effectively a solution solves a specific problem, improves service delivery, and aligns with organisational goals. It is a data-driven evaluation of <strong>functional performance</strong>, <strong>user satisfaction</strong>, and <strong>resource efficiency</strong>.</p><h2 dir=""auto"">Moving Beyond Aesthetics to Outcomes</h2><p dir=""auto"">For many of our partners in the public sector, ""design"" can initially feel like an intangible aesthetic luxury. However, in modern product design, success is a metric, not a feeling. When Studio Soren designs a new portal for a local authority or a donation flow for a national charity, we aren't just creating a visual interface; we are engineering a measurable result.</p><p dir=""auto"">To measure this effectively, we employ a mixture of quantitative data (the ""what"") and qualitative insights (the ""why""). If you cannot measure it, you cannot manage it—and you certainly cannot justify the budget for it in the next fiscal year.</p><h2 dir=""auto"">The Studio Soren Framework: A Step-by-Step Guide</h2><p dir=""auto"">To ensure a design project delivers a genuine return on investment (ROI), evaluation must be baked into the process from the very first meeting. Here is our three-phase lifecycle of measurement.</p><h3 dir=""auto"">Step 1: The Preparation (Establishing the Baseline)</h3><p dir=""auto"">Success is impossible to measure without a starting point. Before a single pixel is moved at Studio Soren, we work with you to define what ""better"" actually looks like.</p><ul dir=""auto""><li data-preset-tag=""p""><p><strong>Establish Baseline Metrics:</strong> If we are redesigning a legacy service, what is the current bounce rate? How many ""avoidable contacts"" (calls or emails) does your help desk receive regarding the current interface?</p></li><li data-preset-tag=""p""><p><strong>Define Key Performance Indicators (KPIs):</strong> We help you choose 3–5 metrics that move the needle. For a charity, this might be ""Gift Aid Declaration Rate."" For public services, it might be ""Reduction in Application Errors.""</p></li><li data-preset-tag=""p""><p><strong>Stakeholder Alignment:</strong> We ensure the CEO, COO, and our Design Lead are in total agreement on these goals. This prevents the ""subjectivity trap"" during later reviews.</p></li></ul><h3 dir=""auto"">Step 2: The Review (The Mid-Project Pulse)</h3><p dir=""auto"">Measurement isn't just a post-launch activity. During the design phase, we use ""proxy metrics"" to ensure the project is on the right track.</p><ul dir=""auto""><li data-preset-tag=""p""><p><strong>Usability Testing:</strong> We watch real citizens or donors interact with our prototypes. Success here is measured by the <strong>Task Success Rate</strong>—the percentage of users who can complete a critical action without assistance.</p></li><li data-preset-tag=""p""><p><strong>Accessibility Auditing:</strong> For UK public services, success is often binary: does the design meet the legal requirements? We follow the <a href=""https://www.gov.uk/service-manual/service-standard"" target=""_blank"">Gov.uk Service Standard</a>, which provides a rigorous framework for accessibility and usability.</p></li><li data-preset-tag=""p""><p><strong>Time on Task:</strong> If a user takes five minutes to find a form that should take two, the design requires iteration.</p></li></ul><h3 dir=""auto"">Step 3: The Post-Review (Impact Analysis)</h3><p dir=""auto"">Once the project is live, the ""real"" measurement begins. We typically recommend an audit 3–6 months post-launch to allow for data stabilisation.</p><ul dir=""auto""><li data-preset-tag=""p""><p><strong>The Delta:</strong> We compare your new live KPIs against the baselines established in Step 1.</p></li><li data-preset-tag=""p""><p><strong>System Usability Scale (SUS):</strong> This is a 10-item questionnaire we use to give you a ""Global Satisfaction"" score from 1–100. You can read a deep dive on how this is calculated via the <a href=""https://www.google.com/search?q=https://www.nngroup.com/articles/sus/"" target=""_blank"">Nielsen Norman Group's guide to SUS</a>.</p></li><li data-preset-tag=""p""><p><strong>Organisational ROI:</strong> We calculate the hard cost savings. If the new design reduces support calls by 20%, how many staff hours—and taxpayer pounds—have been saved?</p></li></ul><h2 dir=""auto"">Best Practices for Constructive Measurement</h2><p dir=""auto"">As a leader, your role in measuring success is to ensure the project stays aligned with the mission. To keep your evaluations constructive, we suggest the following:</p><ul dir=""auto""><li data-preset-tag=""p""><p><strong>Prioritise ""Actionable"" over ""Vanity"" Metrics:</strong> A million page views mean nothing if no one is completing the service. Focus on conversion and completion.</p></li><li data-preset-tag=""p""><p><strong>Focus on Outcomes, Not Outputs:</strong> Instead of measuring how many screens were designed, measure how much the ""User Frustration Score"" decreased.</p></li><li data-preset-tag=""p""><p><strong>Ask ""How Does This Solve the User's Problem?"":</strong> Force the design team to justify every element based on the data collected during user testing.</p></li><li data-preset-tag=""p""><p><strong>Check Your Bias:</strong> Recognise that as a CEO or COO, you are rarely the ""target user."" Trust the data gathered from real-world testing over personal preference.</p></li></ul><h2 dir=""auto"">Why Design Metrics Matter for Mission-Led Organisations</h2><p dir=""auto"">For organisations driven by impact rather than just profit, design success is often tied to <strong>Trust</strong> and <strong>Inclusion</strong>.</p><ol dir=""auto""><li data-preset-tag=""p""><p><strong>Trust:</strong> A professional, intuitive interface signals competence. For a charity, this directly increases donation likelihood.</p></li><li data-preset-tag=""p""><p><strong>Inclusion:</strong> Good design ensures that those with visual, cognitive, or motor impairments can access your services. Success is measured by the breadth of the audience you can successfully serve.</p></li></ol><p dir=""auto"">If you are looking to start a project with clear, measurable outcomes, <a href=""/about-us"" target=""_blank"">Studio Soren’s approach to design strategy</a> ensures that your digital transformation is backed by evidence, not guesswork. We focus on delivering high-authority solutions for complex sectors.</p>","{   ""@context"": ""https://schema.org"",   ""@type"": ""FAQPage"",   ""mainEntity"": [     {       ""@type"": ""Question"",       ""name"": ""How do you measure the success of a design project?"",       ""acceptedAnswer"": {         ""@type"": ""Answer"",         ""text"": ""Success is measured by comparing post-launch data against pre-defined KPIs, such as user task completion rates, conversion increases, and reduced support costs. It also involves qualitative feedback through user interviews and accessibility audits.""       }     },     {       ""@type"": ""Question"",       ""name"": ""What are the most important design KPIs for non-profits?"",       ""acceptedAnswer"": {         ""@type"": ""Answer"",         ""text"": ""Key metrics include donation conversion rates, time-on-page for educational content, and the 'Cost Per Acquisition' of new supporters.""       }     },     {       ""@type"": ""Question"",       ""name"": ""Is accessibility a metric of success?"",       ""acceptedAnswer"": {         ""@type"": ""Answer"",         ""text"": ""Absolutely. For UK public services, failing to meet WCAG standards is a failure of the project. Success is reaching 100% compliance to meet legal and ethical obligations under UK law.""       }     }   ] }","3"
"how-do-you-align-branding-with-a-charity’s-mission","How do you align branding with a charity’s mission?","<p dir=""auto"">We ensure every visual choice reflects your mission's urgency and empathy. Our <a href=""/services/digital-storytelling"">digital storytelling</a> service is designed to help charities communicate their ""Theory of Change"" to both long-term supporters and new beneficiaries.</p>","Design","We ensure every visual choice reflects your mission's urgency and empathy. Our digital storytelling service is designed to help charities communicate their ""Theory of Change"" to both long-term supporters and new beneficiaries.","false","<p dir=""auto""><br class=""trailing-break""></p>","","3"
"what-is-human-centered-design-in-the-context-of-social-impact","What is human-centered design in the context of social impact?","<p dir=""auto"">Human-centred design (HCD) is a framework that places the end-user—the beneficiary or donor—at the heart of the process. We use <a href=""/services/user-research"" target=""_blank"">user research</a> and <a href=""/services/design-strategy"" target=""_blank"">service design</a> to ensure final products solve real-world problems for the people who need them most.</p>","Design","Human-centred design (HCD) is a framework that places the end-user—the beneficiary or donor—at the heart of the process. We use user research and service design to ensure final products solve real-world problems for the people who need them most.","false","<p dir=""auto""><br class=""trailing-break""></p>","","4"
"what-accessibility-standards-do-you-follow-for-public-sector-projects","What accessibility standards do you follow for public sector projects?","<p dir=""auto"">We strive for <strong>WCAG 2.2 AA</strong> excellence in our <a href=""/services/product-design"">product design</a> work. We focus on building accessible foundations and can collaborate with accessibility experts for deep-level technical remediation or AAA certification where required.</p>","Accessibility","We strive for WCAG 2.2 AA excellence in our product design work. We focus on building accessible foundations and can collaborate with accessibility experts for deep-level technical remediation or AAA certification where required.","false","<p dir=""auto""><br class=""trailing-break""></p>","","5"
"does-studio-soren-design-according-to-gds-(government-digital-service)-standards","Does Studio Soren design according to GDS (Government Digital Service) standards?","<p dir=""auto"">We align our design thinking with the <a href=""https://www.gov.uk/service-manual/service-standard"" target=""_blank""><strong>GDS Service Standards</strong></a>  to ensure public sector tools are consistent and user-focussed. For high-stakes delivery, we can bring in specialised auditors to ensure full compliance. Read more about our approach to <a href=""/services/design-strategy"">service design</a> for the public sector.</p>","Accessibility","We align our design thinking with the GDS Service Standards  to ensure public sector tools are consistent and user-focussed. For high-stakes delivery, we can bring in specialised auditors to ensure full compliance. Read more about our approach to service design for the public sector.","false","<p dir=""auto""><br class=""trailing-break""></p>","","6"
"what-is-user-experience-(ux)-design","What is User Experience (UX) Design?","<p dir=""auto"">User Experience (UX) design is the process of creating products, systems, or services that provide meaningful, intuitive, and enjoyable experiences for users. It focuses on the entire user journey how a product feels, functions, and solves user pain points. UX design ensures products are useful, easy to use, and accessible.</p>","Design","","false","","","7"